qtd,valor,footprint,lcsc,mfn,mpn,referencias
1,1,Resistor_SMD:R_0603_1608Metric,C25086,,,R906
12,100,Resistor_SMD:R_0805_2012Metric,C17408,,,R1601 R1602 R1603 R1604 R1701 R1702 R1703 R1704 R1801 R1802 R1803 R1804
5,100k,Resistor_SMD:R_0603_1608Metric,C25741,,,R44 R45 R1501 R1901 R1902
25,100n,Capacitor_SMD:C_0603_1608Metric,C14663,,,C701 C801 C901 C904 C1101 C1211 C1409 C1501 C1503 C1504 C1505 C1508 C1509 C1510 C1511 C1513 C1516 C1517 C1520 C1604 C1607 C1701 C1704 C1801 C1804
16,100n,Capacitor_SMD:C_0603_1608Metric,C1525,,,C1 C2 C3 C4 C5 C6 C7 C8 C9 C10 C11 C12 C13 C14 C15 C16
28,10k,Resistor_SMD:R_0603_1608Metric,C25744,,,R5 R6 R7 R8 R13 R14 R15 R16 R21 R22 R23 R24 R29 R30 R31 R32 R48 R905 R1001 R1006 R1007 R1105 R1107 R1109 R1111 R1502 R1504 R1513
20,10k,Resistor_SMD:R_0603_1608Metric,,,,R711 R712 R713 R714 R811 R812 R813 R814 R911 R912 R913 R914 R1121 R1122 R1123 R1124 R1311 R1312 R1313 R1314
22,10n,Capacitor_SMD:C_0603_1608Metric,C57112,,,C28 C29 C902 C1202 C1203 C1301 C1302 C1303 C1304 C1605 C1606 C1608 C1609 C1702 C1703 C1705 C1706 C1802 C1803 C1805 C1806 C1903
4,10u,Capacitor_SMD:C_1206_3216Metric,C13585,,,C27 C906 C1004 C1201
1,10u,sunlord-MWSA0503:MWSA0503,C408412,,,L1001
6,120,Resistor_SMD:R_0603_1608Metric,C22787,,,R33 R1004 R1106 R1108 R1110 R1112
3,12k,Resistor_SMD:R_0603_1608Metric,C25752,,,R42 R43 R907
1,1k,Resistor_SMD:R_0603_1608Metric,C25104,,,R1511
2,1k,Resistor_SMD:R_0603_1608Metric,C11702,,,R1217 R1218
44,1k,Resistor_SMD:R_0603_1608Metric,,,,R211 R212 R213 R214 R221 R222 R223 R224 R311 R312 R313 R314 R321 R322 R323 R324 R411 R412 R413 R414 R421 R422 R423 R424 R511 R512 R513 R514 R521 R522 R523 R524 R1611 R1612 R1613 R1614 R1711 R1712 R1713 R1714 R1811 R1812 R1813 R1814
14,1n,Capacitor_SMD:C_0603_1608Metric,C1588,,,C1204 C1205 C1207 C1208 C1209 C1210 C1401 C1402 C1403 C1404 C1405 C1406 C1407 C1408
7,1u,Capacitor_SMD:C_0603_1608Metric,C15849,,,C1002 C1015 C1016 C1017 C1018 C1212 C1523
2,2.2u,Capacitor_SMD:C_0603_1608Metric,C23630,,,C1518 C1519
1,2.2u,Inductor_SMD:L_1210_3225Metric,C36828,,,L1002
16,2.7k,Resistor_SMD:R_0603_1608Metric,C13167,,,R1101 R1102 R1103 R1104 R1201 R1202 R1203 R1204 R1401 R1402 R1403 R1404 R1405 R1406 R1407 R1408
2,3.3n,Capacitor_SMD:C_0805_2012Metric,C53175,,,C1901 C1902
3,330p,Capacitor_SMD:C_0603_1608Metric,C13533,,,C23 C24 C905
4,33k,Resistor_SMD:R_0603_1608Metric,C25779,,,R38 R40 R46 R47
2,33p,Capacitor_SMD:C_0603_1608Metric,C1562,,,C1521 C1522
14,4.7k,Resistor_SMD:R_0805_2012Metric,C17673,,,R34 R35 R36 R37 R1205 R1206 R1208 R1209 R1210 R1211 R1213 R1214 R1215 R1216
7,4.7u,Capacitor_SMD:C_0603_1608Metric,C19666,,,C903 C1006 C1502 C1506 C1507 C1512 C1515
14,470k,Resistor_SMD:R_0603_1608Metric,C25790,,,R701 R702 R703 R704 R801 R802 R803 R804 R901 R902 R903 R904 R1903 R1904
2,47p,Capacitor_SMD:C_0603_1608Metric,C1567,,,C25 C26
16,5.6k,Resistor_SMD:R_0603_1608Metric,C25908,,,R1 R2 R3 R4 R9 R10 R11 R12 R17 R18 R19 R20 R25 R26 R27 R28
2,56u,Capacitor_THT:CP_Radial_D8.0mm_P3.50mm,N/A,,,C17 C1001
2,680p,Capacitor_SMD:C_0603_1608Metric,C1630,,,C21 C22
1,68k,Resistor_SMD:R_0603_1608Metric,C36871,,,R908
1,82k,Resistor_SMD:R_0603_1608Metric,C23254,,,R1503
1,8MHz,Crystal:Crystal_SMD_5032-2Pin_5.0x3.2mm,C115962,Yangxing Tech,X50328MSB2GI,Y1501
1,AMS1117-3.3,Package_TO_SOT_SMD:SOT-223-3_TabPin2,C6186,AMS,AMS1117-3.3,U902
4,BTS4175SGA,Package_SO:SOIC-8_3.9x4.9mm_P1.27mm,C152451,Infineon,BTS4175SGA,U1102 U1103 U1104 U1105
1,C1 POTENCIA/INJECAO,proteus-br:TE_Superseal10_26pos_6437288-6,,TE Connectivity,6437288-6,J101
1,C2 IGNICAO/ETB,proteus-br:TE_Superseal10_26pos_6437288-6,,TE Connectivity,6437288-6,J102
1,C3 SENSORES,proteus-br:TE_Superseal10_26pos_6437288-6,,TE Connectivity,6437288-6,J103
1,C4 TRIGGERS/COMUNICACAO,proteus-br:TE_Superseal10_26pos_6437288-6,,TE Connectivity,6437288-6,J104
1,Conn_02x05_Odd_Even,Connector_PinHeader_1.27mm:PinHeader_2x05_P1.27mm_Vertical_SMD,N/A,,,J1502
2,DNP,Resistor_SMD:R_0805_2012Metric,DNP,,,R1207 R1212
2,DNP,Resistor_SMD:R_0805_2012Metric_Pad1.15x1.40mm_HandSolder,DNP,,,R1219 R1220
5,D_Schottky,Diode_SMD:D_SMA,C8678,,,D101 D102 D103 D104 D901
1,EXPANSAO LINUX 2x10,Connector_IDC:IDC-Header_2x10_P2.54mm_Vertical,,generico,box header IDC 2x10 2.54mm,J110
1,Ferrite_Bead,Inductor_SMD:L_0805_2012Metric,C1015,,,FB1501
1,Jumper_3_Bridged12,Jumper:SolderJumper-3_P1.3mm_Bridged12_RoundedPad1.0x1.5mm,N/A,,,JP1201
1,LMR14020,Package_SO:SOIC-8-1EP_3.9x4.9mm_P1.27mm_EP2.29x3mm,C187824,Texas Instruments,LMR14020SDDAR,U903
2,MAX9924,Package_SO:MSOP-10_3x3mm_P0.5mm,C5145181,Analog Devices,MAX9924UAUB+T,U1203 U1204
1,MCP6002-xSN,Package_SO:SOIC-8_3.9x4.9mm_P1.27mm,C7377,Microchip,MCP6002-I/SN,U7
5,MCP6004,Package_SO:TSSOP-14_4.4x5mm_P0.65mm,C7378,Microchip,MCP6004-I/SL,U5 U701 U801 U901 U1101
1,Micro_SD_Card,Connector_Card:microSD_HC_Wuerth_693072010801,C164170,,,J1
1,ORANGE,LED_SMD:LED_0603_1608Metric_Castellated,C72038,Hubei KENTO,KT-0603R-O,D1506
2,PESD1CAN-UX,Package_TO_SOT_SMD:SOT-323_SC-70,C152727,Nexperia,"PESD1CAN,215",D1 D2
2,Polyfuse,Resistor_SMD:R_1206_3216Metric,C207035,,,F101 F102
1,REF3333,Package_TO_SOT_SMD:SOT-23,C130016,Texas Instruments,REF3333AIDBZR,U8
1,SM15T33CA,Diode_SMD:D_SMC,C133707,STMicroelectronics,SM15T33CA,D1001
3,SN74LVC2G17DB,Package_TO_SOT_SMD:SOT-23-6,C10429,Texas Instruments,SN74LVC2G17DBVR,U1202 U1207 U1208
7,SRV05-4,Package_TO_SOT_SMD:SOT-23-6,C13612,Semtech,SRV05-4.TCT,D1501 U1 U2 U3 U4 U1106 U1107
1,STM32F427ZGT6,Package_QFP:LQFP-144_20x20mm_P0.5mm,C117816,STMicroelectronics,STM32F427ZGT6,U1501
2,SW_Push,Button_Switch_SMD:SW_SPST_EVQQ2,C318887,,,SW1501 SW1502
6,TC4427A,Package_SO:SOIC-8_3.9x4.9mm_P1.27mm,C144234,Microchip,TC4427ACOA713,U1602 U1603 U1701 U1702 U1801 U1802
2,TJA1051T-3,Package_SO:SOIC-8_3.9x4.9mm_P1.27mm,C38695,NXP,TJA1051T/3,U6 U904
2,TLE4251D,Package_TO_SOT_SMD:TO-252-5_TabPin6,C539669,Infineon,TLE4251D,U1004 U1005
2,TLE9201SG,Package_SO:Infineon_PG-DSO-12-9,C112633,Infineon,TLE9201SGAUMA1,U10 U11
1,USBLC6-2SC6,Package_TO_SOT_SMD:SOT-23-6,C7519,STMicroelectronics,USBLC6-2SC6,U1502
1,USB_B,Connector_USB:USB_B_TE_5787834_Vertical,N/A,,,J1501
8,VNLD5160,Package_SO:SOIC-8_3.9x4.9mm_P1.27mm,C377942,STMicroelectronics,VNLD5160TR-E,U201 U202 U301 U302 U401 U402 U501 U502
